{
  "minecraft:recipes/misc/firework_rocket_simple": {
    "criteria": {
      "has_gunpowder": "2021-08-27 22:16:31 +0800"
    },
    "done": true
  },
  "minecraft:recipes/redstone/dispenser": {
    "criteria": {
      "has_bow": "2021-08-27 22:17:03 +0800"
    },
    "done": true
  },
  "minecraft:recipes/redstone/tnt": {
    "criteria": {
      "has_gunpowder": "2021-08-27 22:16:31 +0800"
    },
    "done": true
  },
  "minecraft:adventure/root": {
    "criteria": {
      "killed_something": "2021-08-27 22:17:02 +0800"
    },
    "done": true
  },
  "minecraft:adventure/kill_a_mob": {
    "criteria": {
      "minecraft:skeleton": "2021-08-27 22:17:02 +0800"
    },
    "done": true
  },
  "minecraft:adventure/kill_all_mobs": {
    "criteria": {
      "minecraft:skeleton": "2021-08-27 22:17:02 +0800",
      "minecraft:spider": "2021-08-27 22:17:39 +0800",
      "minecraft:creeper": "2021-08-27 22:17:28 +0800",
      "minecraft:zombie": "2021-08-27 22:17:31 +0800"
    },
    "done": false
  },
  "minecraft:recipes/misc/bone_meal": {
    "criteria": {
      "has_bone": "2021-08-27 22:17:03 +0800"
    },
    "done": true
  },
  "minecraft:adventure/adventuring_time": {
    "criteria": {
      "minecraft:jungle": "2021-08-27 22:17:27 +0800",
      "minecraft:beach": "2021-08-27 22:17:11 +0800",
      "minecraft:river": "2021-08-27 22:17:02 +0800"
    },
    "done": false
  },
  "DataVersion": 2730
}