{
  "minecraft:adventure/root": {
    "criteria": {
      "killed_something": "2021-08-19 13:20:24 +0800"
    },
    "done": true
  },
  "minecraft:adventure/kill_a_mob": {
    "criteria": {
      "minecraft:skeleton": "2021-08-19 13:20:24 +0800"
    },
    "done": true
  },
  "minecraft:adventure/kill_all_mobs": {
    "criteria": {
      "minecraft:skeleton": "2021-08-19 13:20:24 +0800"
    },
    "done": false
  },
  "minecraft:adventure/adventuring_time": {
    "criteria": {
      "minecraft:jungle": "2021-08-19 13:18:16 +0800",
      "minecraft:beach": "2021-08-19 13:20:45 +0800"
    },
    "done": false
  },
  "DataVersion": 2730
}