{
  "schemaVersion": 1,
  "id": "quicksender",
  "version": "${version}",

  "name": "Quick Sender",
  "description": "A mod that can help you typing commands more conveniently and swiftly.",
  "authors": [
    "Maxmilite"
  ],
  "contact": {
  },

  "license": "CC0-1.0",
  "icon": "assets/modid/icon.png",

  "environment": "*",

  "mixins": [
    "modid.mixins.json"
  ],
  "entrypoints": {
    "client": [
      "com.maxmilite.bunnyhop.BunnyHop"
    ]
  },
  "depends": {
    "fabricloader": ">=0.11.3",
    "fabric": "*",
    "minecraft": "1.17.x",
    "java": ">=16"
  },
  "suggests": {
    "another-mod": "*"
  }
}
