{"stats":{"minecraft:picked_up":{"minecraft:chicken":1,"minecraft:rabbit":1,"minecraft:string":2,"minecraft:rabbit_hide":1},"minecraft:custom":{"minecraft:jump":62,"minecraft:time_since_rest":4262,"minecraft:leave_game":1,"minecraft:damage_dealt":260,"minecraft:sprint_one_cm":3350,"minecraft:play_time":4262,"minecraft:time_since_death":4262,"minecraft:walk_one_cm":1990,"minecraft:climb_one_cm":588,"minecraft:total_world_time":4283,"minecraft:mob_kills":4,"minecraft:fly_one_cm":12103},"minecraft:used":{"minecraft:diamond_sword":5},"minecraft:killed":{"minecraft:rabbit":2,"minecraft:spider":1,"minecraft:chicken":1}},"DataVersion":2730}