{"stats":{"minecraft:killed":{"minecraft:spider":1,"minecraft:creeper":1,"minecraft:husk":1,"minecraft:zombie":1},"minecraft:custom":{"minecraft:jump":48,"minecraft:time_since_rest":3208,"minecraft:leave_game":1,"minecraft:damage_dealt":760,"minecraft:crouch_one_cm":48,"minecraft:sprint_one_cm":2235,"minecraft:play_time":3208,"minecraft:time_since_death":3208,"minecraft:walk_one_cm":1883,"minecraft:sneak_time":8,"minecraft:total_world_time":3358,"minecraft:mob_kills":4,"minecraft:fly_one_cm":10781},"minecraft:used":{"minecraft:diamond_sword":12},"minecraft:picked_up":{"minecraft:rotten_flesh":1,"minecraft:carrot":1,"minecraft:gunpowder":2}},"DataVersion":2730}