{"stats":{"minecraft:picked_up":{"minecraft:bone":1,"minecraft:arrow":1,"minecraft:gunpowder":2,"minecraft:bow":1},"minecraft:custom":{"minecraft:jump":110,"minecraft:time_since_rest":4164,"minecraft:leave_game":1,"minecraft:damage_dealt":761,"minecraft:sprint_one_cm":2477,"minecraft:play_time":4164,"minecraft:time_since_death":4164,"minecraft:walk_one_cm":6250,"minecraft:total_world_time":4810,"minecraft:mob_kills":4,"minecraft:fly_one_cm":7681},"minecraft:used":{"minecraft:diamond_sword":13},"minecraft:killed":{"minecraft:skeleton":1,"minecraft:spider":1,"minecraft:creeper":1,"minecraft:zombie":1}},"DataVersion":2730}