{"stats":{"minecraft:picked_up":{"minecraft:rotten_flesh":1},"minecraft:custom":{"minecraft:jump":22,"minecraft:time_since_rest":2033,"minecraft:damage_dealt":200,"minecraft:leave_game":1,"minecraft:sprint_one_cm":1826,"minecraft:play_time":2033,"minecraft:time_since_death":2033,"minecraft:walk_one_cm":454,"minecraft:total_world_time":2044,"minecraft:mob_kills":1,"minecraft:fly_one_cm":5754},"minecraft:used":{"minecraft:diamond_sword":3},"minecraft:killed":{"minecraft:zombie":1}},"DataVersion":2730}