{"stats":{"minecraft:custom":{"minecraft:jump":8,"minecraft:time_since_rest":1961,"minecraft:damage_dealt":100,"minecraft:crouch_one_cm":8,"minecraft:leave_game":1,"minecraft:sprint_one_cm":126,"minecraft:play_time":1961,"minecraft:time_since_death":1961,"minecraft:walk_one_cm":431,"minecraft:sneak_time":7,"minecraft:total_world_time":2386,"minecraft:mob_kills":1,"minecraft:fly_one_cm":4073},"minecraft:used":{"minecraft:diamond_sword":1},"minecraft:killed":{"minecraft:cow":1}},"DataVersion":2730}